Category,Product / Service,Description,SKU,Type,Price
Added Disciplines,Grade - LoD 200,Scan2Plan Grade Service includes modeling and drafting of the building grade 20' surrounding the building. Basic topography with approx dimentions of features and buildings,AD GRADE 200,Service,0
Added Disciplines,Grade - LoD 300,"Scan2Plan Grade Service includes modeling and drafting of the building grade 20' surrounding the building. Basic topography with added details like type, pattern and basic ground features",AD GRADE 300,Service,0
Added Disciplines,Grade - LoD 350,"Scan2Plan Grade Service includes modeling and drafting of the building grade 20' surrounding the building. Detailed topography including land development features, finishes, flower beds, shrubbery, trees in sidewalk boxes or on mowed land",AD GRADE 350,Service,0
Added Disciplines,MEPF LoD 200,"Any visible mechanical, electrical, plumbing, HVAC and fire safety components will be included in the BIM and/or working drawings. Specific size, shape, location, and orientation will be indicated. Adds generic systems with approximate size/location for space-claim and early coordination—no fabrication intent.",AD MEPF 200,Service,0
Added Disciplines,MEPF LoD 300,"Any visible mechanical, electrical, plumbing, HVAC and fire safety components will be included in the BIM and/or working drawings. Specific size, shape, location, and orientation will be indicated. Adds accurately sized/placed elements suitable for measured quantities and CDs; coordination-ready geometry.",AD MEPF 300,Service,0
Added Disciplines,MEPF LoD 350,"Any visible mechanical, electrical, plumbing, HVAC and fire safety components will be included in the BIM and/or working drawings. Specific size, shape, location, and orientation will be indicated. Adds connections, supports, and interface features so penetrations/mounting align across trades for clash resolution.",AD MEPF 350,Service,0
Added Disciplines,Structural Modeling - LoD 200,"Any visible structural components will be included in the BIM and/or working drawings. Specific size, shape, location, and orientation will be indicated. Adds generic systems with approximate size/location for space-claim and early coordination—no fabrication intent.",AD STR MOD 200,Service,0
Added Disciplines,Structural Modeling - LoD 300,"Any visible structural components will be included in the BIM and/or working drawings. Specific size, shape, location, and orientation will be indicated. Adds accurately sized/placed elements suitable for measured quantities and CDs; coordination-ready geometry.",AD STR MOD 300,Service,0
Added Disciplines,Structural Modeling - LoD 350,"Any visible structural components will be included in the BIM and/or working drawings. Specific size, shape, location, and orientation will be indicated. Adds connections, supports, and interface features so penetrations/mounting align across trades for clash resolution.",AD STR MOD 350,Service,0
Add Ons,Georeferencing,"Georeferencing (Survey-grade): Point cloud data coordinates Georeferenced using GNSS System. Establish shared coordinates tied to civil survey control (EPSG/State Plane); set Revit Shared Site, verify against a linked survey DWG, and publish coordinates for downstream DWG/IFC exports so models land in the right spot in Civil 3D/GIS. Includes QC report + test DWG export.",AO GEOREF,Service,0
Add Ons,IFC / DXF Model,"Converted from Revit (.rvt) into .ifc or .dxf, file format.",AO IFC DXF,Service,0
Add Ons,Matterport 3D Tour,"High resolution 360 photo documentation and virtual tour walkthrough. An excellent remote collaboration tool, easily shared and viewed on any mobile or desktop device, Includes 3D dollhouse, floor plan views, and site-specific custom annotations.",AO MAT 3D TOUR,Service,0
Add Ons,Rhino Model,3D DWG Model with discreet geometry converted from Revit for Rinoceros fidelity,AO RHINO MDL,Service,0
Add Ons,Sketchup Model,.skp Model with discreet geometry converted from Revit for Sketchup fidelity,AO SKETCH MOD,Service,0
Add Ons,Vectorworks Model,"Revit, IFC and/or DWG with discreet geometry converted from Revit for Vectorworks fidelity",AO VCT MDL,Service,0
CAD,CAD Interior Elevations LoD 200,CAD Interior Elevations LoD 200 (per sheet) - dwg & pdf,CAD INT ELEV 200,Service,0
CAD,CAD Interior Elevations LoD 300,CAD Interior Elevations LoD 300 (per sheet) - dwg & pdf,CAD INT ELEV 300,Service,0
CAD,CAD Interior Elevations LoD 350,CAD Interior Elevations LoD 350 (per sheet) - dwg & pdf,CAD INT ELEV 350,Service,0
CAD,CAD Interior Package - LoD 200,CAD Interior Package Lod 200 A set of architectural drawings (.dwg & .pdf) delivered in Scan2Plan’s LoD 200 CAD standard. Deliverables include: • Floor Plan(s) • Up to 6 sections or interior elevations • Reflected Ceiling Plan(s),CAD INT PKG 200,Service,0
CAD,CAD Interior Package - LoD 300,CAD Interior Package Lod 300 A set of architectural drawings (.dwg & .pdf) delivered in Scan2Plan’s LoD 300 CAD standard. Deliverables include: • Floor Plan(s) • Up to 6 sections or interior elevations • Reflected Ceiling Plan(s),CAD INT PKG 300,Service,0
CAD,CAD Interior Package - LoD 350,CAD Interior Package Lod 350 A set of architectural drawings (.dwg & .pdf) delivered in Scan2Plan’s LoD 350 CAD standard. Deliverables include: • Floor Plan(s) • Up to 6 sections or interior elevations • Reflected Ceiling Plan(s),CAD INT PKG 350,Service,0
CAD,CAD + MEPF Standard Package,CAD + MEPF Standard Package Deliverables include: • Floor Plans • Reflected Ceiling Plans • Up to 4 sections or interior elevations • Exterior Elevations • Roof Plan A set of architectural drawings (.dwg & .pdf) delivered in Scan2Plan’s LoD 200 CAD standard. Deliverables include: • Floor Plans • Up to 4 sections or interior elevations • Exterior Elevations • Roof Plan,CAD MEPF STD PKG,Service,0
CAD,CAD Sections,CAD Sections (per sheet) - dwg & pdf,CAD SEC,Service,0
CAD,CAD Standard Package - LoD 200,CAD Standard Package LoD 200 A set of architectural drawings (.dwg & .pdf) delivered in Scan2Plan’s LoD 200 CAD standard. Deliverables include: • Floor Plans • Up to 4 sections or interior elevations • Exterior Elevations • Roof Plan,CAD STD PKG 200,Service,0
CAD,CAD Standard Package - LoD 300,CAD Standard Package LoD 300 A set of architectural drawings (.dwg & .pdf) delivered in Scan2Plan’s LoD 300 CAD standard. Deliverables include: • Floor Plans • Up to 4 sections or interior elevations • Exterior Elevations • Roof Plan,CAD STD PKG 300,Service,0
CAD,CAD Standard Package - LoD 350,CAD Standard Package LoD 350 A set of architectural drawings (.dwg & .pdf) delivered in Scan2Plan’s LoD 350 CAD standard. Deliverables include: • Floor Plans • Up to 4 sections or interior elevations • Exterior Elevations • Roof Plan,CAD STD PKG 350,Service,0
CAD,CAD + Structure + MEPF + Site Package,CAD + Structure + MEPF + Site Package,CAD STC MEPF PKG,Service,0
CAD,CAD + Structure Standard Package,CAD + Structure Standard Package A set of architectural drawings (.dwg & .pdf) delivered in Scan2Plan’s LoD 200 CAD standard. Deliverables include: • Floor Plans • Reflected Ceiling Plans • Up to 4 sections or interior elevations • Exterior Elevations • Roof Plan A set of architectural drawings (.dwg & .pdf) delivered in Scan2Plan’s LoD 200 CAD standard. Deliverables include: • Floor Plans • Up to 4 sections or interior elevations • Exterior Elevations • Roof Plan,CAD STC STD PKG,Service,0
HVT,2D / 3D Floor Plan Combo,Schematic Floor Plans & juicy full-color furnished Floor Plans in one package,HVT 2D / 3D PKG,Service,99
HVT,2D Floor Plan,Order Schematic Floor Plans directly from the tour; deliver labeled 2D plans with total area and ANSI GLA option (where needed). Marketing-grade (not construction).,HVT 2ND TOUR,Service,50
HVT,3D Floor Plan,"Order juicy full-color furnished Floor Plans directly from the tour; quick read of entire space; realistic looks, more detail; attracts serious buyer interest",HVT 3D TOUR,Service,65
HVT,Annotations,"Conversion-oriented tags for amenities, promos, menus, product links, and wayfinding—styled and positioned per Matterport guidance to reduce drop-off and drive clicks.",HVT ANNOT,Service,150
HVT,Google Street View Publishing,"We publish your Matterport tour to your Google Maps business listing and Street View as connected 360° panospheres (the blue circles), with a quick QA on placement and links.",HVT GOOGLE,Service,150
HVT,Matterport 3D Tour - HVT,"Pro-calibrated capture with branded start view, and privacy-safe publishing. Optimized for engagement across web, booking engines, and social.",HVT MAT 3D TOUR,Service,0.1
HVT,Matterport 3D Tour Package,3D Tour + Photos + 2D Floor Plan,HVT MAT 3D TOUR PKG,Service,0
HVT,Photography,Hi Resolution HDR Photo Gallery,HVT PHOTOG,Service,50
Price Mods,50% Due at Project Completion,50% Due at Project Completion,PM 50% DUE,Service,0
Price Mods,Credit,Credit,PM CRE,Service,0
Price Mods,Credit Card 3%,Credit Card 3%,PM CRE CRD,Service,0
Price Mods,Discount,Discount,PM DIS,Service,0
Price Mods,Expedited Service,Expedited Service,PM EXP SER,Service,0
Price Mods,Fire / Flood,Fire / Flood,PM FIR FLD,Service,0
Price Mods,Net 60,NET 60,PM NET 60,Service,0
Price Mods,Net 90,NET 90,PM NET 90,Service,0
Price Mods,No Power,No Power,PM NO POW,Service,0
Price Mods,Occupied,Occupied,PM OCC,Service,0
S2P,Landscape Service - LoD 200,Scan2Plan Landscape Service includes modeling and drafting of the property’s current topographic features. Deliverables include: • Total Square Footage Audit • Colorized Point Cloud (.rcp format) • LoD 300 Revit Model • CAD site plan Basic topography with approx dimentions of features and buildings Topographic services are provided for the use of design purposes only. The documentation is not a land survey.,S2P LNDSCP 200,Service,0
S2P,Landscape Service - LoD 300,"Scan2Plan Landscape Service includes modeling and drafting of the property’s current topographic features. Deliverables include: • Total Square Footage Audit • Colorized Point Cloud (.rcp format) • LoD 300 Revit Model • CAD site plan Basic topography with details like type, pattern and basic ground features Topographic services are provided for the use of design purposes only. The documentation is not a land survey.",S2P LNDSCP 300,Service,0
S2P,Landscape Service - LoD 350,"Scan2Plan Landscape Service includes modeling and drafting of the property’s current topographic features. Deliverables include: • Total Square Footage Audit • Colorized Point Cloud (.rcp format) • LoD 300 Revit Model • CAD site plan Detailed topography with land development features, finishes, rooftop, equipment, trees & foliage etc. Topographic services are provided for the use of design purposes only. The documentation is not a land survey.",S2P LNDSCP 350,Service,0
S2P,LiDAR Scanning and Point Cloud Registration,"A scanning technician will perform the LiDAR capture and preliminary point cloud registration on-site. A registration technician will clean and register the colorized point cloud. Deliverables include: • Colorized Point Cloud (.rcp format) • Registration Report • Actual Square Footage Audit • Upon request we can deliver in E57, .xyz or other point cloud formats.",S2P LID SCN PNT CLD REG,Service,0
S2P,Scan2Plan ACAD Commercial - LoD 200,"Scan2Plan Commercial Service for the property located at ______ _____ Scan2Plan will provide BIM existing conditions documentation for the _________ sqft building. Includes interior and exterior LiDAR point cloud capture, registration, modeling, QC and project management. Scanning and delivery times depend on the total area scanned and modeled. Deliverables include: • Total Square Footage Audit • Colorized Point Cloud (.rcp format) • LoD 200 Archicad Model - (Approximate Geometry / Schematic Level) Project Type: Feasibility, Concept Design, Permits, Purpose: Diagrammatic geometry, spatial validation",S2P ACAD COM 200,Service,0
S2P,Scan2Plan ACAD Commercial - LoD 300,"Scan2Plan Commercial Service for the property located at ______ _____ Scan2Plan will provide BIM existing conditions documentation for the _________ sqft building. Includes interior and exterior LiDAR point cloud capture, registration, modeling, QC and project management. Scanning and delivery times depend on the total area scanned and modeled. Deliverables include: • Total Square Footage Audit • Colorized Point Cloud (.rcp format) • LoD 300 Archicad Model (Accurate Geometry / Construction‑Ready) Project Type: Renovations, Retrofits, Purpose: Accurate geometry for coordination + take-offs",S2P ACAD COM 300,Service,0
S2P,Scan2Plan ACAD Commercial - LoD 350,"Scan2Plan Commercial Service for the property located at ______ _____ Scan2Plan will provide BIM existing conditions documentation for the _________ sqft building. Includes interior and exterior LiDAR point cloud capture, registration, modeling, QC and project management. Scanning and delivery times depend on the total area scanned and modeled. Deliverables include: • Total Square Footage Audit • Colorized Point Cloud (.rcp format) • LoD 350 Archicad Model (Precise Geometry / Specialized Detail) Project Type: Historic Preservation, Adaptive Reuse Purpose: Detail-rich model for clash detection + fabrication-level planning",S2P ACAD COM 350,Service,0
S2P,Scan2Plan ACAD Residential - LoD 200,"Scan2Plan Residential Service for the property located at ______ _____ Scan2Plan will provide BIM existing conditions documentation for the _________ sqft residence. Includes interior and exterior LiDAR point cloud capture, registration, modeling, QC and project management. Scanning and delivery times depend on the total area scanned and modeled. Deliverables include: • Total Square Footage Audit • Colorized Point Cloud (.rcp format) • LoD 200 Archicad Model - (Approximate Geometry / Schematic Level) Project Type: Feasibility, Concept Design, Permits, Purpose: Diagrammatic geometry, spatial validation",S2P ACAD RES 200,Service,0
S2P,Scan2Plan ACAD Residential - LoD 300,"Scan2Plan Residential Service for the property located at ______ _____ Scan2Plan will provide BIM existing conditions documentation for the _________ sqft residence. Includes interior and exterior LiDAR point cloud capture, registration, modeling, QC and project management. Scanning and delivery times depend on the total area scanned and modeled. Deliverables include: • Total Square Footage Audit • Colorized Point Cloud (.rcp format) • LoD 300 Archicad Model (Accurate Geometry / Construction‑Ready) Project Type: Renovations, Retrofits, Purpose: Accurate geometry for coordination + take-offs",S2P ACAD RES 300,Service,0
S2P,Scan2Plan ACAD Residential - LoD 350,"Scan2Plan Residential Service for the property located at ______ _____ Scan2Plan will provide BIM existing conditions documentation for the _________ sqft residence. Includes interior and exterior LiDAR point cloud capture, registration, modeling, QC and project management. Scanning and delivery times depend on the total area scanned and modeled. Deliverables include: • Total Square Footage Audit • Colorized Point Cloud (.rcp format) • LoD 350 Archicad Model (Precise Geometry / Specialized Detail) Project Type: Historic Preservation, Adaptive Reuse Purpose: Detail-rich model for clash detection + fabrication-level planning",S2P ACAD RES 350,Service,0
S2P,Scan2Plan Commercial - LoD 200,"Scan2Plan Commercial Service for the property located at ______ _____ Scan2Plan will provide BIM existing conditions documentation for the _________ sqft building. Includes interior and exterior LiDAR point cloud capture, registration, modeling, QC and project management. Scanning and delivery times depend on the total area scanned and modeled. Deliverables include: • Total Square Footage Audit • Colorized Point Cloud (.rcp format) • LoD 200 Revit Model - (Approximate Geometry / Schematic Level) Project Type: Feasibility, Concept Design, Permits, Purpose: Diagrammatic geometry, spatial validation",S2P COM 200,Service,0
S2P,Scan2Plan Commercial - LoD 200 (EXT-ONLY),"Scan2Plan Commercial Service for the property located at ______ _____ Scan2Plan will provide BIM existing conditions documentation for the _________ sqft building. Includes exterior LiDAR point cloud capture, registration, modeling, QC and project management. Scanning and delivery times depend on the total area scanned and modeled. Deliverables include: • Total Square Footage Audit • Colorized Point Cloud (.rcp format) • LoD 200 Revit Model - (Approximate Geometry / Schematic Level) Project Type: Feasibility, Concept Design, Permits, Purpose: Diagrammatic geometry, spatial validation",S2P COM EXT 200,Service,0
S2P,Scan2Plan Commercial - LoD 200 (INT-ONLY),"Scan2Plan Commercial Service for the property located at ______ _____ Scan2Plan will provide BIM existing conditions documentation for the _________ sqft building. Includes interior LiDAR point cloud capture, registration, modeling, QC and project management. Scanning and delivery times depend on the total area scanned and modeled. Deliverables include: • Total Square Footage Audit • Colorized Point Cloud (.rcp format) • LoD 200 Revit Model - (Approximate Geometry / Schematic Level) Project Type: Feasibility, Concept Design, Permits, Purpose: Diagrammatic geometry, spatial validation",S2P COM INT 200,Service,0
S2P,Scan2Plan Commercial - LoD 300,"Scan2Plan Commercial Service for the property located at ______ _____ Scan2Plan will provide BIM existing conditions documentation for the _________ sqft building. Includes interior and exterior LiDAR point cloud capture, registration, modeling, QC and project management. Scanning and delivery times depend on the total area scanned and modeled. Deliverables include: • Total Square Footage Audit • Colorized Point Cloud (.rcp format) • LoD 300 Revit Model (Accurate Geometry / Construction‑Ready) Project Type: Renovations, Retrofits, Purpose: Accurate geometry for coordination + take-offs",S2P COM 300,Service,0
S2P,Scan2Plan Commercial - LoD 300 (EXT-ONLY),"Scan2Plan Commercial Service for the property located at ______ _____ Scan2Plan will provide BIM existing conditions documentation for the _________ sqft building. Includes exterior LiDAR point cloud capture, registration, modeling, QC and project management. Scanning and delivery times depend on the total area scanned and modeled. Deliverables include: • Total Square Footage Audit • Colorized Point Cloud (.rcp format) • LoD 300 Revit Model (Accurate Geometry / Construction‑Ready) Project Type: Renovations, Retrofits, Purpose: Accurate geometry for coordination + take-offs",S2P COM EXT 300,Service,0
S2P,Scan2Plan Commercial - LoD 300 (INT-ONLY),"Scan2Plan Commercial Service for the property located at ______ _____ Scan2Plan will provide BIM existing conditions documentation for the _________ sqft building. Includes interior LiDAR point cloud capture, registration, modeling, QC and project management. Scanning and delivery times depend on the total area scanned and modeled. Deliverables include: • Total Square Footage Audit • Colorized Point Cloud (.rcp format) • LoD 300 Revit Model (Accurate Geometry / Construction‑Ready) Project Type: Renovations, Retrofits, Purpose: Accurate geometry for coordination + take-offs",S2P COM INT 300,Service,0
S2P,Scan2Plan Commercial - LoD 350,"Scan2Plan Commercial Service for the property located at ______ _____ Scan2Plan will provide BIM existing conditions documentation for the _________ sqft building. Includes interior and exterior LiDAR point cloud capture, registration, modeling, QC and project management. Scanning and delivery times depend on the total area scanned and modeled. Deliverables include: • Total Square Footage Audit • Colorized Point Cloud (.rcp format) • LoD 350 Revit Model (Precise Geometry / Specialized Detail) Project Type: Historic Preservation, Adaptive Reuse Purpose: Detail-rich model for clash detection + fabrication-level planning",S2P COM 350,Service,0
S2P,Scan2Plan Commercial - LoD 350 (EXT-ONLY),"Scan2Plan Commercial Service for the property located at ______ _____ Scan2Plan will provide BIM existing conditions documentation for the _________ sqft building. Includes exterior LiDAR point cloud capture, registration, modeling, QC and project management. Scanning and delivery times depend on the total area scanned and modeled. Deliverables include: • Total Square Footage Audit • Colorized Point Cloud (.rcp format) • LoD 350 Revit Model (Precise Geometry / Specialized Detail) Project Type: Historic Preservation, Adaptive Reuse Purpose: Detail-rich model for clash detection + fabrication-level planning",S2P COM EXT 350,Service,0
S2P,Scan2Plan Commercial - LoD 350 (INT-ONLY),"Scan2Plan Commercial Service for the property located at ______ _____ Scan2Plan will provide BIM existing conditions documentation for the _________ sqft building. Includes interior LiDAR point cloud capture, registration, modeling, QC and project management. Scanning and delivery times depend on the total area scanned and modeled. Deliverables include: • Total Square Footage Audit • Colorized Point Cloud (.rcp format) • LoD 350 Revit Model (Precise Geometry / Specialized Detail) Project Type: Historic Preservation, Adaptive Reuse Purpose: Detail-rich model for clash detection + fabrication-level planning",S2P COM INT 350,Service,0
S2P,Scan2Plan Residential - LoD 200,"Scan2Plan Residential Service for the property located at ______ _____ Scan2Plan will provide BIM existing conditions documentation for the _________ sqft residence. Includes interior and exterior LiDAR point cloud capture, registration, modeling, QC and project management. Scanning and delivery times depend on the total area scanned and modeled. Deliverables include: • Total Square Footage Audit • Colorized Point Cloud (.rcp format) • LoD 200 Revit Model - (Approximate Geometry / Schematic Level) Project Type: Feasibility, Concept Design, Permits, Purpose: Diagrammatic geometry, spatial validation",S2P RES 200,Service,0
S2P,Scan2Plan Residential - LoD 200 (EXT-ONLY),"Scan2Plan Residential Service for the property located at ______ _____ Scan2Plan will provide BIM existing conditions documentation for the _________ sqft residence. Includes exterior LiDAR point cloud capture, registration, modeling, QC and project management. Scanning and delivery times depend on the total area scanned and modeled. Deliverables include: • Total Square Footage Audit • Colorized Point Cloud (.rcp format) • LoD 200 Revit Model - (Approximate Geometry / Schematic Level) Project Type: Feasibility, Concept Design, Permits, Purpose: Diagrammatic geometry, spatial validation",S2P RES EXT 200,Service,0
S2P,Scan2Plan Residential - LoD 200 (INT-ONLY),"Scan2Plan Residential Service for the property located at ______ _____ Scan2Plan will provide BIM existing conditions documentation for the _________ sqft residence. Includes interior LiDAR point cloud capture, registration, modeling, QC and project management. Scanning and delivery times depend on the total area scanned and modeled. Deliverables include: • Total Square Footage Audit • Colorized Point Cloud (.rcp format) • LoD 200 Revit Model - (Approximate Geometry / Schematic Level) Project Type: Feasibility, Concept Design, Permits, Purpose: Diagrammatic geometry, spatial validation",S2P RES INT 200,Service,0
S2P,Scan2Plan Residential - LoD 300,"Scan2Plan Residential Service for the property located at ______ _____ Scan2Plan will provide BIM existing conditions documentation for the _________ sqft residence. Includes interior and exterior LiDAR point cloud capture, registration, modeling, QC and project management. Scanning and delivery times depend on the total area scanned and modeled. Deliverables include: • Total Square Footage Audit • Colorized Point Cloud (.rcp format) • LoD 300 Revit Model (Accurate Geometry / Construction‑Ready) Project Type: Renovations, Retrofits, Purpose: Accurate geometry for coordination + take-offs",S2P RES 300,Service,0
S2P,Scan2Plan Residential - LoD 300 (EXT-ONLY),"Scan2Plan Residential Service for the property located at ______ _____ Scan2Plan will provide BIM existing conditions documentation for the _________ sqft residence. Includes exterior LiDAR point cloud capture, registration, modeling, QC and project management. Scanning and delivery times depend on the total area scanned and modeled. Deliverables include: • Total Square Footage Audit • Colorized Point Cloud (.rcp format) • LoD 300 Revit Model (Accurate Geometry / Construction‑Ready) Project Type: Renovations, Retrofits, Purpose: Accurate geometry for coordination + take-offs",S2P RES EXT 300,Service,0
S2P,Scan2Plan Residential - LoD 300 (INT-ONLY),"Scan2Plan Residential Service for the property located at ______ _____ Scan2Plan will provide BIM existing conditions documentation for the _________ sqft residence. Includes interior LiDAR point cloud capture, registration, modeling, QC and project management. Scanning and delivery times depend on the total area scanned and modeled. Deliverables include: • Total Square Footage Audit • Colorized Point Cloud (.rcp format) • LoD 300 Revit Model (Accurate Geometry / Construction‑Ready) Project Type: Renovations, Retrofits, Purpose: Accurate geometry for coordination + take-offs",S2P RES INT 300,Service,0
S2P,Scan2Plan Residential - LoD 350,"Scan2Plan Residential Service for the property located at ______ _____ Scan2Plan will provide BIM existing conditions documentation for the _________ sqft residence. Includes interior and exterior LiDAR point cloud capture, registration, modeling, QC and project management. Scanning and delivery times depend on the total area scanned and modeled. Deliverables include: • Total Square Footage Audit • Colorized Point Cloud (.rcp format) • LoD 350 Revit Model (Precise Geometry / Specialized Detail) Project Type: Historic Preservation, Adaptive Reuse Purpose: Detail-rich model for clash detection + fabrication-level planning",S2P RES 350,Service,0
S2P,Scan2Plan Residential - LoD 350 (EXT-ONLY),"Scan2Plan Residential Service for the property located at ______ _____ Scan2Plan will provide BIM existing conditions documentation for the _________ sqft residence. Includes exterior LiDAR point cloud capture, registration, modeling, QC and project management. Scanning and delivery times depend on the total area scanned and modeled. Deliverables include: • Total Square Footage Audit • Colorized Point Cloud (.rcp format) • LoD 350 Revit Model (Precise Geometry / Specialized Detail) Project Type: Historic Preservation, Adaptive Reuse Purpose: Detail-rich model for clash detection + fabrication-level planning",S2P RES EXT 350,Service,0
S2P,Scan2Plan Residential - LoD 350 (INT-ONLY),"Scan2Plan Residential Service for the property located at ______ _____ Scan2Plan will provide BIM existing conditions documentation for the _________ sqft residence. Includes interior LiDAR point cloud capture, registration, modeling, QC and project management. Scanning and delivery times depend on the total area scanned and modeled. Deliverables include: • Total Square Footage Audit • Colorized Point Cloud (.rcp format) • LoD 350 Revit Model (Precise Geometry / Specialized Detail) Project Type: Historic Preservation, Adaptive Reuse Purpose: Detail-rich model for clash detection + fabrication-level planning",S2P RES INT 350,Service,0
Inactivate per Owen 11/12,Annotations (1hr),,,Service,0
Inactivate per Owen 11/12,ArcGIS Conversion,,,Service,0
Inactivate per Owen 11/12,Archicad Model,Modeled natively in Archicad.,ArchiCAD Conversion,Non-Inventory,0
Inactivate per Owen 11/12,BOMA Measurement Chart,,,Service,0
Inactivate per Owen 11/12,CAD door & window schedules,,,Service,0
Inactivate per Owen 11/12,CAD Reflected Ceiling Plan(s) LoD 200,A set of architectural drawings (.dwg & .pdf) delivered in Scan2Plan’s LoD 200 CAD standard.. Deliverables include: • Reflected Ceiling Plan(s),,Service,0
Inactivate per Owen 11/12,CAD Reflected Ceiling Plan(s) LoD 300,A set of architectural drawings (.dwg & .pdf) delivered in Scan2Plan’s LoD 300 CAD standard. Deliverables include: • Reflected Ceiling Plan(s),,Service,0
Inactivate per Owen 11/12,CAD Reflected Ceiling Plan(s) LoD 350,A set of architectural drawings (.dwg & .pdf) delivered in Scan2Plan’s LoD 350 CAD standard. Deliverables include: • Reflected Ceiling Plan(s),,Service,0
Inactivate per Owen 11/12,CAD-to-BIM,Coordination of CAD Files into Revit Model,,Service,0
Inactivate per Owen 11/12,Coordination,,,Service,0
Inactivate per Owen 11/12,Credit,,PM CRED,Service,0
Inactivate per Owen 11/12,Custom Floor Plan,,,Service,0
Inactivate per Owen 11/12,Drone Service,,,Service,0
Inactivate per Owen 11/12,Estimated 50% due at project completion,,,Service,0
Inactivate per Owen 11/12,Exposed Ceilings,"Any visible structural details of exposed ceilings will be included . Specific size, shape, location, and orientation will be indicated. Includes scanning above ceiling tile, where appropriate.",Exposed Ceilings,Non-Inventory,0
Inactivate per Owen 11/12,FEA Model,"3D FEA element model compatible with SAP2000 (latest version) finite element analysis (FEA) modeling software (and other software listed below). a) A fine mesh model that follows the scanned point cloud data of the interior and exterior surfaces. Computed mesh should be a minimum of 1⁄4” deviation from point cloud scan. Mesh should be relatively small to capture the subtle differences of the as-built surface, with mesh vertices being approximately 3” maximum. b) A larger/structural analysis mesh that is an “average” between the interior and exterior surfaces. Mesh should be comprised of triangles with the following characteristics: i. The vertices of mesh faces are to be connected ii. Edge of each mesh face to be a maximum length of 3’-0” iii. Angle between mesh edges to between 50 degrees and 70 degrees. iv. Be exportable to a .DXF format.",,Service,0
Inactivate per Owen 11/12,Floor Plans,,,Service,0
Inactivate per Owen 11/12,Floor Plans and Photos,,,Service,0
Inactivate per Owen 11/12,Furniture Modeling,,,Service,0
Inactivate per Owen 11/12,Hours,,,Service,0
Inactivate per Owen 11/12,Insurance Costs,Insurance Costs,Insurance Costs,Non-Inventory,0
Inactivate per Owen 11/12,LoD Standard Upgrade,Upgrade from Scan2Plan’s LoD ___ Standard to LoD ___ Standard,LoD Standard Upgrade,Non-Inventory,0
Inactivate per Owen 11/12,Paper-to-BIM,,,Service,0
Inactivate per Owen 11/12,Photo Gallery,,,Service,0
Inactivate per Owen 11/12,Photogrammetry Survey,,,Service,0
Inactivate per Owen 11/12,Prevue3D,,,Service,0
Inactivate per Owen 11/12,Rejected bank transfer,Bank transfer payment received rejected by the bank,,Service,0
Inactivate per Owen 11/12,Reshoot,,,Service,0
Inactivate per Owen 11/12,Roadway & Airfield,Roadway & Airfield,Roadway & Airfield,Non-Inventory,0
Inactivate per Owen 11/12,Scan2Plan Commercial - BOMA Package,"Scan2Plan Commercial Service for the property located at ______ _____ Scan2Plan will provide BIM / CAD existing conditions documentation for the _________ sqft building. Includes interior LiDAR point cloud capture, registration, modeling, drafting, QC and project management. Scanning and delivery times depend on the total area scanned and modeled. Deliverables include: • Total Square Footage Audit • Colorized Point Cloud (.rcp format) • LoD 200 Revit Model (for BOMA calculations, floors, walls, doors only) • CAD Floor Plan • BOMA measurements chart",,Non-Inventory,0
Inactivate per Owen 11/12,Scan2Plan Commercial - LoD 100,"Scan2Plan Commercial Service for the property located at ______ _____ Scan2Plan will provide BIM existing conditions documentation for the _________ sqft building. Includes interior and exterior LiDAR point cloud capture, registration, modeling, QC and project management. Scanning and delivery times depend on the total area scanned and modeled. Deliverables include: • Total Square Footage Audit • Colorized Point Cloud (.rcp format) • LoD 100 Revit Model",Scan2Plan Commercial LoD 100,Service,0.1
Inactivate per Owen 11/12,Scan2Plan Commercial Service - LoD 350+,"Scan2Plan Commercial Service for the property located at Rockland County Courthouse 1 S Main St, New City, NY 10956 Scan2Plan will provide BIM existing conditions documentation for the 100,000 sqft building. Includes interior and exterior LiDAR point cloud capture, registration, modeling, QC and project management. Scanning and delivery times depend on the total area scanned and modeled. Deliverables include: • Total Square Footage Audit • Colorized Point Cloud (.rcp format) • LoD 350+ Revit Model",,Service,0
Inactivate per Owen 11/12,Scan2Plan Express,,,Service,0
Inactivate per Owen 11/12,Scan-to-CAD - LoD 200,"Scan-to-CAD Service for the property located at ______ _____ Scan2Plan will provide BIM existing conditions documentation for the _________ sqft residence. Includes interior and exterior LiDAR point cloud capture, registration, drafting, QC and project management. Scanning and delivery times depend on the total area scanned and modeled. Deliverables include: • Total Square Footage Audit • Colorized Point Cloud (.rcp format) • A set of architectural drawings (.dwg & .pdf) delivered in Scan2Plan’s LoD 200 CAD standard. - Floor Plans - Up to 4 sections or interior elevations - Exterior Elevations - Roof Plan",,Service,0
Inactivate per Owen 11/12,Scan-to-CAD - LoD 300,"Scan-to-CAD Service for the property located at ______ _____ Scan2Plan will provide BIM existing conditions documentation for the _________ sqft residence. Includes interior and exterior LiDAR point cloud capture, registration, drafting, QC and project management. Scanning and delivery times depend on the total area scanned and modeled. Deliverables include: • Total Square Footage Audit • Colorized Point Cloud (.rcp format) • A set of architectural drawings (.dwg & .pdf) delivered in Scan2Plan’s LoD 300 CAD standard. - Floor Plans - Up to 4 sections or interior elevations - Exterior Elevations - Roof Plan",,Service,0
Inactivate per Owen 11/12,Service,Service,Service,Non-Inventory,0
Inactivate per Owen 11/12,Services,,,Service,0
Inactivate per Owen 11/12,Site and Pool,Site and Pool,Site and Pool,Non-Inventory,0
Inactivate per Owen 11/12,Travel,Travel,Travel,Non-Inventory,0